{"cameraMode":{"drawMode":0,"name":"Shaded","section":"Shading Mode"},"sceneLighting":true,"audioPlay":false,"sceneViewState":{"showFog":true,"showMaterialUpdate":false,"showSkybox":true,"showFlares":true,"showImageEffects":true,"showParticleSystems":true},"in2DMode":false,"pivot":{"x":-0.3152841031551361,"y":-1.1945152282714844,"z":1.6843910217285157},"rotation":{"x":-0.3984321653842926,"y":-0.0035796186421066524,"z":0.0015552922850474716,"w":-0.9171918034553528},"size":24.166412353515626,"orthographic":false}